{
   "packages":[
      {
         "name":"SparkFun",
         "maintainer":"SparkFun Electronics",
         "websiteURL":"https://SparkFun.com",
         "email":"TechSupport@SparkFun.com",
         "help":{
            "online":"https://forum.sparkfun.com"
         },
         "platforms":[
            {
               "name":"SparkFun AVR Boards",
               "architecture":"avr",
               "version":"1.1.3",
               "category":"Contributed",
               "url":"https://github.com/sparkfun/Arduino_Boards/raw/master/IDE_Board_Manager/sparkfunboards.1.1.3.tar.bz2",
               "archiveFileName":"sparkfunboards.1.1.3.tar.bz2",
               "checksum":"SHA-256:8a44771a7a826cb8ee346fec16fb5f330222aee7f1b1a068a6db895a225ffd56",
               "size":"1162043",
               "help":{
                  "online":"https://forums.sparkfun.com"
               },
               "boards":[
                  { "name":"RedBoard" },
                  { "name":"MaKey MaKey" },
                  { "name":"Pro Micro" },
                  { "name":"Fio v3" },
                  { "name":"Qduino Mini" },
                  { "name":"Digital Sandbox" },
                  { "name":"Mega Pro" },
                  { "name":"RedBot" },
                  { "name":"Serial 7-segment Display" },
                  { "name":"ATmega128RFA1 Dev Board" }
               ],
               "toolsDependencies":[
                  {
                     "packager":"arduino",
                     "name":"avr-gcc",
                     "version":"4.8.1-arduino5"
                  },
                  {
                     "packager":"arduino",
                     "name":"avrdude",
                     "version":"6.0.1-arduino5"
                  }
               ]
            }
         ],
         "tools":[]
      },
	  {
         "name":"SparkFun",
         "maintainer":"SparkFun Electronics",
         "websiteURL":"https://SparkFun.com",
         "email":"TechSupport@SparkFun.com",
         "help":{
            "online":"https://forum.sparkfun.com"
         },
         "platforms":[
            {
               "name":"SparkFun SAMD Boards (dependency: Arduino SAMD Boards 1.6.2)",
               "architecture":"samd",
               "version":"1.0.0",
               "category":"Contributed",
               "url":"https://github.com/sparkfun/Arduino_Boards/raw/master/IDE_Board_Manager/sparkfun-samd-1.0.0.tar.bz2",
               "archiveFileName":"sparkfun-samd-1.0.0.tar.bz2",
               "checksum":"SHA-256:12e0be6862a3a28b6515755dcad2842757caf4e5270326554f95059512ebaab5",
               "size":"268954",
               "help":{
                  "online":"https://forums.sparkfun.com"
               },
               "boards":[
                  { "name":"SparkFun SAMD21 Mini Breakout" },
                  { "name":"SparkFun SAMD21 Dev Breakout" }
               ],
               "toolsDependencies":[
               ]
            },
			{
               "name":"SparkFun SAMD Boards (dependency: Arduino SAMD Boards 1.6.2)",
               "architecture":"samd",
               "version":"1.1.0",
               "category":"Contributed",
               "url":"https://github.com/sparkfun/Arduino_Boards/raw/master/IDE_Board_Manager/sparkfun-samd-1.1.0.tar.bz2",
               "archiveFileName":"sparkfun-samd-1.1.0.tar.bz2",
               "checksum":"SHA-256:5d71cbf8ccf5781eef9809d7b3141041daf3ed1a1272f5278762ece5a0aecf44",
               "size":"279683",
               "help":{
                  "online":"https://forums.sparkfun.com"
               },
               "boards":[
                  { "name":"SparkFun SAMD21 Mini Breakout" },
                  { "name":"SparkFun SAMD21 Dev Breakout" }
               ],
               "toolsDependencies":[
               ]
            }
         ],
         "tools":[
		 ]
      },
	  {
		"name":"SparkFun",
		"maintainer":"SparkFun Electroncs",
		"websiteURL":"https://www.sparkfun.com",
		"email":"TechSupport@sparkfun.com",
		"help":{
			"online":"https://forums.sparkfun.com"
		},
		"platforms": [ {
			"name":"SparkFun ESP8266 Boards",
			"architecture":"esp8266",
			"version":"1.6.4-673-g8cd3697",
			"category":"Contributed",
			"url":"https://github.com/sparkfun/Arduino_Boards/raw/master/IDE_Board_Manager/sparkfun-esp8266-1.1.0.tar.bz2",
			"archiveFileName":"sparkfun-esp8266-1.1.0.tar.bz2",
			"checksum":"SHA-256:613c59a517465083f9259d3d4db22caf10e49b1e97cfc65bf914437140a5eaf4",
			"size":"1929115",
			"help":{
				"online":"https://learn.sparkfun.com"
			},
			"boards":[ 
				{ "name":"Generic ESP8266 Module" },
				{ "name":"SparkFun ESP8266 Thing" }
			],
			"toolsDependencies":[ 
			{
				"packager":"SparkFun",
				"name":"esptool",
				"version":"0.4.4"
			},
			{
				"packager":"SparkFun",
				"name":"xtensa-lx106-elf-gcc",
				"version":"1.20.0-26-gb404fb9"
			} 
			]
		},
		{
			"name":"SparkFun ESP8266 Boards",
			"architecture":"esp8266",
			"version":"1.6.4-628-g545ffde",
			"category":"Contributed",
			"url":"https://github.com/sparkfun/Arduino_Boards/raw/master/IDE_Board_Manager/sparkfun-esp8266-1.0.0.tar.bz2",
			"archiveFileName":"sparkfun-esp8266-1.0.0.tar.bz2",
			"checksum":"SHA-256:e28a9ea802f91c6ee79c40525fdd0f081999405d37acaaa04001ebac30e75c38",
			"size":"1929225",
			"help":{
				"online":"https://learn.sparkfun.com"
			},
			"boards":[ 
				{ "name":"Generic ESP8266 Module" },
				{ "name":"SparkFun ESP8266 Thing" }
			],
			"toolsDependencies":[ 
			{
				"packager":"SparkFun",
				"name":"esptool",
				"version":"0.4.4"
			},
			{
				"packager":"SparkFun",
				"name":"xtensa-lx106-elf-gcc",
				"version":"1.20.0-26-gb404fb9"
			} 
			]
		} ],
		"tools": [ 
		{
			"name":"esptool",
			"version":"0.4.4",
			"systems": [
			{
				"host":"i686-mingw32",
				"url":"https://github.com/igrr/esptool-ck/releases/download/0.4.4/esptool-0.4.4-win32.zip",
				"archiveFileName":"esptool-0.4.4-win32.zip",
				"checksum":"SHA-256:bc52165c847b194d8f079add982eae1c4b4466784bff8c8494241de602a003b3",
				"size":"17262"
			},
			{
				"host":"x86_64-apple-darwin",
				"url":"https://github.com/igrr/esptool-ck/releases/download/0.4.4/esptool-0.4.4-osx.tar.gz",
				"archiveFileName":"esptool-0.4.4-osx.tar.gz",
				"checksum":"SHA-256:bb2a58c3583f9dcb0d3e7611531a0f3a29c21a4a1c442987bb29d07408824dfe",
				"size":"12145"
			},
			{
				"host":"x86_64-pc-linux-gnu",
				"url":"https://github.com/igrr/esptool-ck/releases/download/0.4.4/esptool-0.4.4-linux64.tar.gz",
				"archiveFileName":"esptool-0.4.4-linux64.tar.gz",
				"checksum":"SHA-256:beedf89db0bdce0bf6034232d86edebcfed0966ff1501545aca9cfbba1f92593",
				"size":"12513"
			},
			{
				"host":"i686-pc-linux-gnu",
				"url":"https://github.com/igrr/esptool-ck/releases/download/0.4.4/esptool-0.4.4-linux32.tar.gz",
				"archiveFileName":"esptool-0.4.4-linux32.tar.gz",
				"checksum":"SHA-256:4aa81b97a470641771cf371e5d470ac92d3b177adbe8263c4aae66e607b67755",
				"size":"12044"	
			}
			]
		},
		{
			"name":"xtensa-lx106-elf-gcc",
			"version":"1.20.0-26-gb404fb9",
			"systems": [
			{
				"host":"i686-mingw32",
				"url":"http://arduino.esp8266.com/win32-xtensa-lx106-elf-gb404fb9.tar.gz",
				"archiveFileName":"win32-xtensa-lx106-elf-gb404fb9.tar.gz",
				"checksum":"SHA-256:1561ec85cc58cab35cc48bfdb0d0087809f89c043112a2c36b54251a13bf781f",
				"size":"153807368"
			},
			{
				"host":"x86_64-apple-darwin",
				"url":"http://arduino.esp8266.com/osx-xtensa-lx106-elf-gb404fb9.tar.gz",
				"archiveFileName":"osx-xtensa-lx106-elf-gb404fb9.tar.gz",
				"checksum":"SHA-256:540be2ca32637584463a4a4d04717f6c79c7355e336b8c3578b0947218cf92b9",
				"size":"35189446"
			},
			{
				"host":"x86_64-pc-linux-gnu",
				"url":"http://arduino.esp8266.com/linux64-xtensa-lx106-elf-gb404fb9.tar.gz",
				"archiveFileName":"linux64-xtensa-lx106-elf-gb404fb9.tar.gz",
				"checksum":"SHA-256:46f057fbd8b320889a26167daf325038912096d09940b2a95489db92431473b7",
				"size":"30262903"
			},
			{
				"host":"i686-pc-linux-gnu",
				"url":"http://arduino.esp8266.com/linux32-xtensa-lx106-elf.tar.gz",
				"archiveFileName":"linux32-xtensa-lx106-elf.tar.gz",
				"checksum":"SHA-256:b24817819f0078fb05895a640e806e0aca9aa96b47b80d2390ac8e2d9ddc955a",
				"size":"32734156"
			}
			]
		} 
		]
	}
   ]
}
